threshold,accuracy,mean_ms,median_ms,p95_ms,mean_mmacs,share_exit1,share_exit2,share_exit3
0.1,0.4980891719745223,7.2408824685662925,7.105545999365859,8.001909399172291,505.8572800000001,1.0,0.0,0.0
0.15,0.7701910828025478,10.094895089574598,9.91304802300874,15.614247412304394,686.9896273528663,0.26140127388535034,0.6135031847133758,0.12509554140127388
0.2,0.9131210191082803,12.766488685197,14.930170000297949,16.85353380162269,805.1271918063694,0.09350318471337579,0.38598726114649684,0.5205095541401273
0.25,0.944968152866242,14.233242270731735,15.319557991460895,17.230611020931974,863.795379689172,0.06624203821656051,0.16076433121019107,0.7729936305732484
0.3,0.9564331210191083,14.729768169860677,15.349736000644045,17.301780398702245,883.8323281528664,0.056560509554140125,0.0845859872611465,0.8588535031847134
0.35,0.9615286624203822,14.958935081439721,15.359183991677128,17.359260396915484,893.3966231643311,0.0486624203821656,0.05477707006369427,0.8965605095541401
0.4,0.9650955414012738,15.102741957859397,15.365205996204168,17.38143879920244,899.4878473783439,0.04254777070063694,0.03796178343949044,0.9194904458598726
0.45,0.9661146496815287,15.210371156590902,15.369955013738943,17.38537760975305,904.3501326675158,0.03464968152866242,0.030573248407643312,0.9347770700636943
0.5,0.9668789808917198,15.293200910958953,15.373271991848014,17.38537760975305,907.9834920764331,0.030063694267515925,0.022420382165605095,0.947515923566879
0.55,0.9678980891719745,15.386140890309,15.374542999779806,17.387757392134517,912.2580281070063,0.022929936305732482,0.01630573248407643,0.9607643312101911
0.6,0.9678980891719745,15.443387995259005,15.376505994936451,17.387757392134517,914.9296121477706,0.018089171974522294,0.013248407643312102,0.9686624203821657
0.65,0.9678980891719745,15.496370529783386,15.379089993075468,17.387757392134517,917.5477616509553,0.012229299363057325,0.012484076433121018,0.9752866242038216
0.7,0.9684076433121019,15.542900711702107,15.380943004856816,17.387757392134517,919.7918909146497,0.007643312101910828,0.010955414012738853,0.9814012738853504
0.75,0.9686624203821657,15.583647837822332,15.38216600602027,17.3917687847279,921.6085699668789,0.005095541401273885,0.007388535031847133,0.987515923566879
0.8,0.9686624203821657,15.624232985602786,15.38241800153628,17.3917687847279,923.4252490191082,0.0025477707006369425,0.003821656050955414,0.9936305732484076
0.85,0.9686624203821657,15.650309518348147,15.382556986878626,17.3917687847279,924.6007468840763,0.0007643312101910828,0.0017834394904458599,0.9974522292993631
0.9,0.9689171974522293,15.666373832741527,15.382748999400064,17.3917687847279,925.29536,0.0,0.0,1.0
0.95,0.9689171974522293,15.666373832741527,15.382748999400064,17.3917687847279,925.29536,0.0,0.0,1.0
0.99,0.9689171974522293,15.666373832741527,15.382748999400064,17.3917687847279,925.29536,0.0,0.0,1.0
