mode,point,device_precision,payload,server,accuracy,mean_ms,median_ms,p95_ms,median_bytes,within_20ms,within_50ms,within_100ms,network,rtt_ms,uplink_mbps
local,layer2,float32,none,none,0.4980891719745223,4.577966572792465,4.578500986099243,4.928093805210665,0.0,1.0,1.0,1.0,wifi,5,100
local,layer2,int8,none,none,0.4794904458598726,2.7474118920212174,2.718365023611113,2.9278417816385622,0.0,1.0,1.0,1.0,wifi,5,100
local,layer3,float32,none,none,0.7064968152866242,6.62170803838018,6.620038999244571,7.093238801462576,0.0,1.0,1.0,1.0,wifi,5,100
local,layer3,int8,none,none,0.6868789808917197,3.85005892037153,3.8132669869810334,4.0723381855059415,0.0,1.0,1.0,1.0,wifi,5,100
local,layer4,float32,none,none,0.9689171974522293,9.240042903115024,9.20784898335114,9.917206777026877,0.0,1.0,1.0,1.0,wifi,5,100
local,layer4,int8,none,none,0.9645859872611465,5.1229745248157625,5.075052002212033,5.450025404570624,0.0,1.0,1.0,1.0,wifi,5,100
offload,input,none,jpeg,cpu_t6,0.9689171974522293,12.115396729710408,11.902274963916167,12.933247014445737,7947.0,0.9933757961783439,1.0,1.0,wifi,5,100
offload,input,none,jpeg,t4,0.9689171974522293,11.94633257018965,10.636487999891756,20.034921599886914,7947.0,0.9498089171974522,0.9997452229299363,0.9997452229299363,wifi,5,100
split,layer2,float32,float32,cpu_t6,0.9689171974522293,28.546533158771574,28.514974991014228,29.113503215523437,204800.0,0.0,1.0,1.0,wifi,5,100
split,layer2,float32,float32,t4,0.9689171974522293,28.054500739165114,27.852429005280996,29.91596099219531,204800.0,0.0,1.0,1.0,wifi,5,100
split,layer2,float32,uint8_zstd,cpu_t6,0.9689171974522293,14.874154436791223,14.826189020444975,15.508213773283869,28144.0,1.0,1.0,1.0,wifi,5,100
split,layer2,float32,uint8_zstd,t4,0.9689171974522293,14.540130363699253,14.32995396415462,16.35873179230408,28144.0,0.9984713375796178,1.0,1.0,wifi,5,100
split,layer3,float32,float32,cpu_t6,0.9689171974522293,21.258396385462433,21.23772002380155,21.83407684644498,102400.0,0.0,1.0,1.0,wifi,5,100
split,layer3,float32,float32,t4,0.9689171974522293,21.113162727039516,21.025185004301413,21.92933179168994,102400.0,0.0,1.0,1.0,wifi,5,100
split,layer3,float32,uint8_zstd,cpu_t6,0.9689171974522293,14.317617359254069,14.298517035590931,14.92554958577469,13224.0,1.0,1.0,1.0,wifi,5,100
split,layer3,float32,uint8_zstd,t4,0.9689171974522293,14.348879595019698,14.239611947503175,15.390083015705645,13224.0,1.0,1.0,1.0,wifi,5,100
local,layer2,float32,none,none,0.4980891719745223,4.577966572792465,4.578500986099243,4.928093805210665,0.0,1.0,1.0,1.0,5g,20,50
local,layer2,int8,none,none,0.4794904458598726,2.7474118920212174,2.718365023611113,2.9278417816385622,0.0,1.0,1.0,1.0,5g,20,50
local,layer3,float32,none,none,0.7064968152866242,6.62170803838018,6.620038999244571,7.093238801462576,0.0,1.0,1.0,1.0,5g,20,50
local,layer3,int8,none,none,0.6868789808917197,3.85005892037153,3.8132669869810334,4.0723381855059415,0.0,1.0,1.0,1.0,5g,20,50
local,layer4,float32,none,none,0.9689171974522293,9.240042903115024,9.20784898335114,9.917206777026877,0.0,1.0,1.0,1.0,5g,20,50
local,layer4,int8,none,none,0.9645859872611465,5.1229745248157625,5.075052002212033,5.450025404570624,0.0,1.0,1.0,1.0,5g,20,50
offload,input,none,jpeg,cpu_t6,0.9689171974522293,27.752300271111682,27.562506025300546,28.761972403818937,7947.0,0.0,0.999235668789809,1.0,5g,20,50
offload,input,none,jpeg,t4,0.9689171974522293,27.583236111590924,26.320763000136587,35.55373759988691,7947.0,0.0,0.9946496815286624,0.9997452229299363,5g,20,50
split,layer2,float32,float32,cpu_t6,0.9689171974522293,59.930533158771574,59.89897499101423,60.49750321552344,204800.0,0.0,0.0,1.0,5g,20,50
split,layer2,float32,float32,t4,0.9689171974522293,59.438500739165114,59.236429005280996,61.29996099219531,204800.0,0.0,0.0,1.0,5g,20,50
split,layer2,float32,uint8_zstd,cpu_t6,0.9689171974522293,32.10201502277848,32.07680098499469,32.781370796116754,28144.0,0.0,1.0,1.0,5g,20,50
split,layer2,float32,uint8_zstd,t4,0.9689171974522293,31.767990949686514,31.586152031999372,33.59448840047773,28144.0,0.0,1.0,1.0,5g,20,50
split,layer3,float32,float32,cpu_t6,0.9689171974522293,44.45039638546243,44.42972002380155,45.02607684644498,102400.0,0.0,1.0,1.0,5g,20,50
split,layer3,float32,float32,t4,0.9689171974522293,44.305162727039516,44.21718500430141,45.12133179168994,102400.0,0.0,1.0,1.0,5g,20,50
split,layer3,float32,uint8_zstd,cpu_t6,0.9689171974522293,30.36514282167445,30.358088030938134,31.00178075751181,13224.0,0.0,1.0,1.0,5g,20,50
split,layer3,float32,uint8_zstd,t4,0.9689171974522293,30.39640505744008,30.304165970675243,31.451093234876566,13224.0,0.0,1.0,1.0,5g,20,50
local,layer2,float32,none,none,0.4980891719745223,4.577966572792465,4.578500986099243,4.928093805210665,0.0,1.0,1.0,1.0,4g,50,10
local,layer2,int8,none,none,0.4794904458598726,2.7474118920212174,2.718365023611113,2.9278417816385622,0.0,1.0,1.0,1.0,4g,50,10
local,layer3,float32,none,none,0.7064968152866242,6.62170803838018,6.620038999244571,7.093238801462576,0.0,1.0,1.0,1.0,4g,50,10
local,layer3,int8,none,none,0.6868789808917197,3.85005892037153,3.8132669869810334,4.0723381855059415,0.0,1.0,1.0,1.0,4g,50,10
local,layer4,float32,none,none,0.9689171974522293,9.240042903115024,9.20784898335114,9.917206777026877,0.0,1.0,1.0,1.0,4g,50,10
local,layer4,int8,none,none,0.9645859872611465,5.1229745248157625,5.075052002212033,5.450025404570624,0.0,1.0,1.0,1.0,4g,50,10
offload,input,none,jpeg,cpu_t6,0.9689171974522293,62.84752860232187,62.705475016109276,66.31322521295697,7947.0,0.0,0.0,1.0,4g,50,10
offload,input,none,jpeg,t4,0.9689171974522293,62.678464442801115,61.63663499997105,71.42834779995889,7947.0,0.0,0.0,0.9997452229299363,4g,50,10
split,layer2,float32,float32,cpu_t6,0.9689171974522293,221.00253315877157,220.97097499101423,221.56950321552344,204800.0,0.0,0.0,0.0,4g,50,10
split,layer2,float32,float32,t4,0.9689171974522293,220.5105007391651,220.308429005281,222.3719609921953,204800.0,0.0,0.0,0.0,4g,50,10
split,layer2,float32,uint8_zstd,cpu_t6,0.9689171974522293,79.92489971067657,80.1307890020203,81.63434096642182,28144.0,0.0,0.0,1.0,4g,50,10
split,layer2,float32,uint8_zstd,t4,0.9689171974522293,79.5908756375846,79.69877001600496,81.83348577567136,28144.0,0.0,0.0,1.0,4g,50,10
split,layer3,float32,float32,cpu_t6,0.9689171974522293,139.98639638546246,139.96572002380157,140.562076846445,102400.0,0.0,0.0,0.0,4g,50,10
split,layer3,float32,float32,t4,0.9689171974522293,139.84116272703952,139.75318500430143,140.65733179168996,102400.0,0.0,0.0,0.0,4g,50,10
split,layer3,float32,uint8_zstd,cpu_t6,0.9689171974522293,68.7453465210375,68.86006899196953,70.01993438173801,13224.0,0.0,0.0,1.0,4g,50,10
split,layer3,float32,uint8_zstd,t4,0.9689171974522293,68.77660875680314,68.84371900844211,70.31886618978551,13224.0,0.0,0.0,1.0,4g,50,10
local,layer2,float32,none,none,0.4980891719745223,4.577966572792465,4.578500986099243,4.928093805210665,0.0,1.0,1.0,1.0,4g_poor,100,2
local,layer2,int8,none,none,0.4794904458598726,2.7474118920212174,2.718365023611113,2.9278417816385622,0.0,1.0,1.0,1.0,4g_poor,100,2
local,layer3,float32,none,none,0.7064968152866242,6.62170803838018,6.620038999244571,7.093238801462576,0.0,1.0,1.0,1.0,4g_poor,100,2
local,layer3,int8,none,none,0.6868789808917197,3.85005892037153,3.8132669869810334,4.0723381855059415,0.0,1.0,1.0,1.0,4g_poor,100,2
local,layer4,float32,none,none,0.9689171974522293,9.240042903115024,9.20784898335114,9.917206777026877,0.0,1.0,1.0,1.0,4g_poor,100,2
local,layer4,int8,none,none,0.9645859872611465,5.1229745248157625,5.075052002212033,5.450025404570624,0.0,1.0,1.0,1.0,4g_poor,100,2
offload,input,none,jpeg,cpu_t6,0.9689171974522293,138.3236702583728,138.1937049917914,154.751505613951,7947.0,0.0,0.0,0.0,4g_poor,100,2
offload,input,none,jpeg,t4,0.9689171974522293,138.15460609885207,137.67373499991032,156.68759799989948,7947.0,0.0,0.0,0.0,4g_poor,100,2
split,layer2,float32,float32,cpu_t6,0.9689171974522293,926.3625331587716,926.3309749910143,926.9295032155235,204800.0,0.0,0.0,0.0,4g_poor,100,2
split,layer2,float32,float32,t4,0.9689171974522293,925.8705007391652,925.668429005281,927.7319609921954,204800.0,0.0,0.0,0.0,4g_poor,100,2
split,layer2,float32,uint8_zstd,cpu_t6,0.9689171974522293,219.03932315016704,220.2055449723862,227.3440467949245,28144.0,0.0,0.0,0.0,4g_poor,100,2
split,layer2,float32,uint8_zstd,t4,0.9689171974522293,218.70529907707504,219.88072399408804,227.16477138466186,28144.0,0.0,0.0,0.0,4g_poor,100,2
split,layer3,float32,float32,cpu_t6,0.9689171974522293,517.6663963854625,517.6457200238016,518.242076846445,102400.0,0.0,0.0,0.0,4g_poor,100,2
split,layer3,float32,float32,t4,0.9689171974522293,517.5211627270395,517.4331850043014,518.33733179169,102400.0,0.0,0.0,0.0,4g_poor,100,2
split,layer3,float32,uint8_zstd,cpu_t6,0.9689171974522293,160.6463650178528,161.20197797038406,166.38727278832158,13224.0,0.0,0.0,0.0,4g_poor,100,2
split,layer3,float32,uint8_zstd,t4,0.9689171974522293,160.67762725361843,161.20400902419587,166.50253720362994,13224.0,0.0,0.0,0.0,4g_poor,100,2
