mode,point,payload,server,compute_ms,payload_bytes,budget_ms,breakeven_mbps,network,against
offload,input,jpeg,cpu_t6,6.225958990398794,7947.0,-2.018110007047655,inf,wifi,local float32
offload,input,jpeg,t4,4.955230999939886,7947.0,-0.7473820165887464,inf,wifi,local float32
split,layer2,float32,cpu_t6,7.130974991014227,204800.0,-2.923126007663088,inf,wifi,local float32
split,layer2,float32,t4,6.468429005280996,204800.0,-2.260580021929856,inf,wifi,local float32
split,layer2,uint8_zstd,cpu_t6,7.600456039654091,28144.0,-3.3926070563029516,inf,wifi,local float32
split,layer2,uint8_zstd,t4,7.102219024545775,28144.0,-2.8943700411946356,inf,wifi,local float32
split,layer3,float32,cpu_t6,8.04572002380155,102400.0,-3.837871040450411,inf,wifi,local float32
split,layer3,float32,t4,7.833185004301413,102400.0,-3.6253360209502734,inf,wifi,local float32
split,layer3,uint8_zstd,cpu_t6,8.242458017775789,13224.0,-4.0346090344246495,inf,wifi,local float32
split,layer3,uint8_zstd,t4,8.191747983119058,13224.0,-3.983898999767918,inf,wifi,local float32
offload,input,jpeg,cpu_t6,6.225958990398794,7947.0,-6.150906988186762,inf,wifi,local int8
offload,input,jpeg,t4,4.955230999939886,7947.0,-4.880178997727853,inf,wifi,local int8
split,layer2,float32,cpu_t6,7.130974991014227,204800.0,-7.055922988802195,inf,wifi,local int8
split,layer2,float32,t4,6.468429005280996,204800.0,-6.393377003068963,inf,wifi,local int8
split,layer2,uint8_zstd,cpu_t6,7.600456039654091,28144.0,-7.525404037442058,inf,wifi,local int8
split,layer2,uint8_zstd,t4,7.102219024545775,28144.0,-7.027167022333742,inf,wifi,local int8
split,layer3,float32,cpu_t6,8.04572002380155,102400.0,-7.970668021589518,inf,wifi,local int8
split,layer3,float32,t4,7.833185004301413,102400.0,-7.75813300208938,inf,wifi,local int8
split,layer3,uint8_zstd,cpu_t6,8.242458017775789,13224.0,-8.167406015563756,inf,wifi,local int8
split,layer3,uint8_zstd,t4,8.191747983119058,13224.0,-8.116695980907025,inf,wifi,local int8
offload,input,jpeg,cpu_t6,6.225958990398794,7947.0,-17.018110007047653,inf,5g,local float32
offload,input,jpeg,t4,4.955230999939886,7947.0,-15.747382016588746,inf,5g,local float32
split,layer2,float32,cpu_t6,7.130974991014227,204800.0,-17.923126007663086,inf,5g,local float32
split,layer2,float32,t4,6.468429005280996,204800.0,-17.260580021929854,inf,5g,local float32
split,layer2,uint8_zstd,cpu_t6,7.600456039654091,28144.0,-18.39260705630295,inf,5g,local float32
split,layer2,uint8_zstd,t4,7.102219024545775,28144.0,-17.894370041194634,inf,5g,local float32
split,layer3,float32,cpu_t6,8.04572002380155,102400.0,-18.83787104045041,inf,5g,local float32
split,layer3,float32,t4,7.833185004301413,102400.0,-18.62533602095027,inf,5g,local float32
split,layer3,uint8_zstd,cpu_t6,8.242458017775789,13224.0,-19.034609034424648,inf,5g,local float32
split,layer3,uint8_zstd,t4,8.191747983119058,13224.0,-18.983898999767916,inf,5g,local float32
offload,input,jpeg,cpu_t6,6.225958990398794,7947.0,-21.15090698818676,inf,5g,local int8
offload,input,jpeg,t4,4.955230999939886,7947.0,-19.880178997727853,inf,5g,local int8
split,layer2,float32,cpu_t6,7.130974991014227,204800.0,-22.055922988802195,inf,5g,local int8
split,layer2,float32,t4,6.468429005280996,204800.0,-21.393377003068963,inf,5g,local int8
split,layer2,uint8_zstd,cpu_t6,7.600456039654091,28144.0,-22.52540403744206,inf,5g,local int8
split,layer2,uint8_zstd,t4,7.102219024545775,28144.0,-22.027167022333742,inf,5g,local int8
split,layer3,float32,cpu_t6,8.04572002380155,102400.0,-22.970668021589518,inf,5g,local int8
split,layer3,float32,t4,7.833185004301413,102400.0,-22.75813300208938,inf,5g,local int8
split,layer3,uint8_zstd,cpu_t6,8.242458017775789,13224.0,-23.167406015563756,inf,5g,local int8
split,layer3,uint8_zstd,t4,8.191747983119058,13224.0,-23.116695980907025,inf,5g,local int8
offload,input,jpeg,cpu_t6,6.225958990398794,7947.0,-47.01811000704765,inf,4g,local float32
offload,input,jpeg,t4,4.955230999939886,7947.0,-45.747382016588745,inf,4g,local float32
split,layer2,float32,cpu_t6,7.130974991014227,204800.0,-47.923126007663086,inf,4g,local float32
split,layer2,float32,t4,6.468429005280996,204800.0,-47.260580021929854,inf,4g,local float32
split,layer2,uint8_zstd,cpu_t6,7.600456039654091,28144.0,-48.39260705630295,inf,4g,local float32
split,layer2,uint8_zstd,t4,7.102219024545775,28144.0,-47.894370041194634,inf,4g,local float32
split,layer3,float32,cpu_t6,8.04572002380155,102400.0,-48.83787104045041,inf,4g,local float32
split,layer3,float32,t4,7.833185004301413,102400.0,-48.62533602095027,inf,4g,local float32
split,layer3,uint8_zstd,cpu_t6,8.242458017775789,13224.0,-49.03460903442465,inf,4g,local float32
split,layer3,uint8_zstd,t4,8.191747983119058,13224.0,-48.983898999767916,inf,4g,local float32
offload,input,jpeg,cpu_t6,6.225958990398794,7947.0,-51.15090698818676,inf,4g,local int8
offload,input,jpeg,t4,4.955230999939886,7947.0,-49.88017899772785,inf,4g,local int8
split,layer2,float32,cpu_t6,7.130974991014227,204800.0,-52.055922988802195,inf,4g,local int8
split,layer2,float32,t4,6.468429005280996,204800.0,-51.39337700306896,inf,4g,local int8
split,layer2,uint8_zstd,cpu_t6,7.600456039654091,28144.0,-52.52540403744206,inf,4g,local int8
split,layer2,uint8_zstd,t4,7.102219024545775,28144.0,-52.02716702233374,inf,4g,local int8
split,layer3,float32,cpu_t6,8.04572002380155,102400.0,-52.97066802158952,inf,4g,local int8
split,layer3,float32,t4,7.833185004301413,102400.0,-52.75813300208938,inf,4g,local int8
split,layer3,uint8_zstd,cpu_t6,8.242458017775789,13224.0,-53.167406015563756,inf,4g,local int8
split,layer3,uint8_zstd,t4,8.191747983119058,13224.0,-53.116695980907025,inf,4g,local int8
offload,input,jpeg,cpu_t6,6.225958990398794,7947.0,-97.01811000704765,inf,4g_poor,local float32
offload,input,jpeg,t4,4.955230999939886,7947.0,-95.74738201658874,inf,4g_poor,local float32
split,layer2,float32,cpu_t6,7.130974991014227,204800.0,-97.92312600766309,inf,4g_poor,local float32
split,layer2,float32,t4,6.468429005280996,204800.0,-97.26058002192985,inf,4g_poor,local float32
split,layer2,uint8_zstd,cpu_t6,7.600456039654091,28144.0,-98.39260705630295,inf,4g_poor,local float32
split,layer2,uint8_zstd,t4,7.102219024545775,28144.0,-97.89437004119463,inf,4g_poor,local float32
split,layer3,float32,cpu_t6,8.04572002380155,102400.0,-98.83787104045041,inf,4g_poor,local float32
split,layer3,float32,t4,7.833185004301413,102400.0,-98.62533602095027,inf,4g_poor,local float32
split,layer3,uint8_zstd,cpu_t6,8.242458017775789,13224.0,-99.03460903442465,inf,4g_poor,local float32
split,layer3,uint8_zstd,t4,8.191747983119058,13224.0,-98.98389899976792,inf,4g_poor,local float32
offload,input,jpeg,cpu_t6,6.225958990398794,7947.0,-101.15090698818676,inf,4g_poor,local int8
offload,input,jpeg,t4,4.955230999939886,7947.0,-99.88017899772785,inf,4g_poor,local int8
split,layer2,float32,cpu_t6,7.130974991014227,204800.0,-102.0559229888022,inf,4g_poor,local int8
split,layer2,float32,t4,6.468429005280996,204800.0,-101.39337700306896,inf,4g_poor,local int8
split,layer2,uint8_zstd,cpu_t6,7.600456039654091,28144.0,-102.52540403744206,inf,4g_poor,local int8
split,layer2,uint8_zstd,t4,7.102219024545775,28144.0,-102.02716702233374,inf,4g_poor,local int8
split,layer3,float32,cpu_t6,8.04572002380155,102400.0,-102.97066802158952,inf,4g_poor,local int8
split,layer3,float32,t4,7.833185004301413,102400.0,-102.75813300208938,inf,4g_poor,local int8
split,layer3,uint8_zstd,cpu_t6,8.242458017775789,13224.0,-103.16740601556376,inf,4g_poor,local int8
split,layer3,uint8_zstd,t4,8.191747983119058,13224.0,-103.11669598090702,inf,4g_poor,local int8
